<?xml version="1.0" encoding="UTF-8"?>
<!DOCTYPE mapper
  PUBLIC "-//mybatis.org//DTD Mapper 3.0//EN" 
 "https://mybatis.org/dtd/mybatis-3-mapper.dtd">
<mapper namespace="Movie">
<select id="getCommentList" parameterType="string" resultType="commentdto">
		SELECT c.*
	FROM comment c
	JOIN movie m ON c.movieSeq = m.movieSeq
	WHERE m.title LIKE CONCAT('%', #{parameter}, '%');
</select>
<select id="getCmByMovieSeq" parameterType="string" resultType="commentdto">
    SELECT c.*
    FROM comment c
    JOIN movie m ON c.movieSeq = m.movieSeq
    WHERE m.movieSeq = #{movieSeq};
</select>
<insert id="insertComment"  parameterType="hashmap">
	 INSERT INTO comment (comment_id, user_id, operator_id, comment, comment_time, movieSeq)
        VALUES (#{comment_id},#{user_id}, #{operator_id}, #{comment}, NOW(), #{movieSeq})
</insert>
<update id="updateComment" parameterType="map">
  UPDATE comment
  SET comment = #{comment}
  WHERE comment_id = #{comment_id}
  AND user_id = #{user_id} 
</update>
<delete id="deleteCoIfUserIsOperator" parameterType="map">
    DELETE FROM comment
    WHERE comment_id = #{comment_id}
    AND operator_id = #{user_id} 
    <!-- 여기서 operator_id와 user_id가 일치하는 조건을 확인 -->
</delete>
</mapper>