
<!DOCTYPE mapper
 PUBLIC "-//mybatis.org//DTD Mapper 3.0//EN"
 "https://mybatis.org/dtd/mybatis-3-mapper.dtd">
<mapper namespace="User">

<select id="submit" parameterType="hashmap" resultType="_int">
   SELECT COUNT(*) FROM user WHERE user_id = #{user_id} AND USERPassWord = #{userpassword}
</select>

<select id="getList" parameterType="hashmap" resultType="userdto">
   SELECT * FROM user WHERE user_id = #{user_id}
</select>

 <insert id="join" parameterType="com.movie.web.dto.UserDTO">
INSERT INTO user VALUES (#{user_id},#{userpassword},#{username},#{email},#{userphone},#{userbirth},#{movie_like})
</insert>

<select id="checkId" parameterType="userdto" resultType="_int">
   SELECT COUNT(*) FROM user WHERE user_id = #{user_id}
</select>

<select id="checkmovie" parameterType="hashmap" resultType="movieDTO">
SELECT * FROM movie
</select>

<select id="userLikeSearch" parameterType="string" resultType="java.lang.String">
    SELECT m.title
    FROM user u
    JOIN movie_likes ml ON u.user_id = ml.user_id
    JOIN movie m ON ml.movieSeq = m.movieSeq
    WHERE u.user_id = #{user_id};
</select>
<update id="updateUserinfo" parameterType="hashmap" >
		UPDATE user SET username = #{username}, email = #{email}, userphone = #{userphone}, userbirth = #{userbirth} WHERE user_id = #{user_id}
</update>
</mapper>